{
    "counter": {
        "ACTIVE": 2019,
        "INACTIVE": 1,
        "INVALID": 0,
        "MALICIOUS": 0,
        "SANE": 0,
        "VALID": 0,
        "total": 2020
    },
    "percentage": {
        "ACTIVE": 99.95049504950495,
        "INACTIVE": 0.0555247084952804,
        "INVALID": 0,
        "MALICIOUS": 0,
        "SANE": 0,
        "VALID": 0,
        "total": 100.00601975800024
    }
}