{
    "counter": {
        "ACTIVE": 1750,
        "INACTIVE": 5,
        "INVALID": 0,
        "MALICIOUS": 0,
        "SANE": 0,
        "VALID": 0,
        "total": 1755
    },
    "percentage": {
        "ACTIVE": 99.71509971509971,
        "INACTIVE": 0.286697247706422,
        "INVALID": 0,
        "MALICIOUS": 0,
        "SANE": 0,
        "VALID": 0,
        "total": 100.00179696280614
    }
}