{
    "counter": {
        "ACTIVE": 1867,
        "INACTIVE": 5,
        "INVALID": 0,
        "MALICIOUS": 0,
        "SANE": 0,
        "VALID": 0,
        "total": 1872
    },
    "percentage": {
        "ACTIVE": 99.73290598290598,
        "INACTIVE": 0.4826254826254826,
        "INVALID": 0,
        "MALICIOUS": 0,
        "SANE": 0,
        "VALID": 0,
        "total": 100.21553146553146
    }
}