{
    "counter": {
        "ACTIVE": 2008,
        "INACTIVE": 9,
        "INVALID": 0,
        "MALICIOUS": 0,
        "SANE": 0,
        "VALID": 0,
        "total": 2017
    },
    "percentage": {
        "ACTIVE": 99.55379276152702,
        "INACTIVE": 0.5053340819764177,
        "INVALID": 0,
        "MALICIOUS": 0,
        "SANE": 0,
        "VALID": 0,
        "total": 100.05912684350344
    }
}