{
    "counter": {
        "ACTIVE": 1626,
        "INACTIVE": 1,
        "INVALID": 0,
        "MALICIOUS": 0,
        "SANE": 0,
        "VALID": 0,
        "total": 1627
    },
    "percentage": {
        "ACTIVE": 99.93853718500307,
        "INACTIVE": 0.06165228113440197,
        "INVALID": 0,
        "MALICIOUS": 0,
        "SANE": 0,
        "VALID": 0,
        "total": 100.00018946613747
    }
}