{
    "counter": {
        "ACTIVE": 1389,
        "INACTIVE": 18,
        "INVALID": 0,
        "MALICIOUS": 0,
        "SANE": 0,
        "VALID": 0,
        "total": 1407
    },
    "percentage": {
        "ACTIVE": 98.72068230277185,
        "INACTIVE": 1.2857142857142858,
        "INVALID": 0,
        "MALICIOUS": 0,
        "SANE": 0,
        "VALID": 0,
        "total": 100.00639658848614
    }
}