{
    "counter": {
        "ACTIVE": 2033,
        "INACTIVE": 14,
        "INVALID": 0,
        "MALICIOUS": 0,
        "SANE": 0,
        "VALID": 0,
        "total": 2047
    },
    "percentage": {
        "ACTIVE": 99.31607230092818,
        "INACTIVE": 0.7291666666666666,
        "INVALID": 0,
        "MALICIOUS": 0,
        "SANE": 0,
        "VALID": 0,
        "total": 100.04523896759486
    }
}