{
    "counter": {
        "ACTIVE": 2002,
        "INACTIVE": 1,
        "INVALID": 0,
        "MALICIOUS": 0,
        "SANE": 0,
        "VALID": 0,
        "total": 2003
    },
    "percentage": {
        "ACTIVE": 99.95007488766849,
        "INACTIVE": 0.04995004995004995,
        "INVALID": 0,
        "MALICIOUS": 0,
        "SANE": 0,
        "VALID": 0,
        "total": 100.00002493761855
    }
}