{
    "counter": {
        "ACTIVE": 2084,
        "INACTIVE": 47,
        "INVALID": 0,
        "MALICIOUS": 0,
        "SANE": 0,
        "VALID": 0,
        "total": 2131
    },
    "percentage": {
        "ACTIVE": 97.79446269357109,
        "INACTIVE": 2.282661486158329,
        "INVALID": 0,
        "MALICIOUS": 0,
        "SANE": 0,
        "VALID": 0,
        "total": 100.07712417972942
    }
}