{
    "counter": {
        "ACTIVE": 993,
        "INACTIVE": 3,
        "INVALID": 0,
        "MALICIOUS": 0,
        "SANE": 0,
        "VALID": 0,
        "total": 996
    },
    "percentage": {
        "ACTIVE": 99.6987951807229,
        "INACTIVE": 0.8042895442359249,
        "INVALID": 0,
        "MALICIOUS": 0,
        "SANE": 0,
        "VALID": 0,
        "total": 100.50308472495882
    }
}