{
    "counter": {
        "ACTIVE": 2025,
        "INACTIVE": 1,
        "INVALID": 0,
        "MALICIOUS": 0,
        "SANE": 0,
        "VALID": 0,
        "total": 2026
    },
    "percentage": {
        "ACTIVE": 99.95064165844028,
        "INACTIVE": 0.15015015015015015,
        "INVALID": 0,
        "MALICIOUS": 0,
        "SANE": 0,
        "VALID": 0,
        "total": 100.10079180859043
    }
}