{
    "counter": {
        "ACTIVE": 2034,
        "INACTIVE": 1,
        "INVALID": 0,
        "MALICIOUS": 0,
        "SANE": 0,
        "VALID": 0,
        "total": 2035
    },
    "percentage": {
        "ACTIVE": 99.95085995085995,
        "INACTIVE": 0.05122950819672131,
        "INVALID": 0,
        "MALICIOUS": 0,
        "SANE": 0,
        "VALID": 0,
        "total": 100.00208945905668
    }
}