{
    "counter": {
        "ACTIVE": 2029,
        "INACTIVE": 1,
        "INVALID": 0,
        "MALICIOUS": 0,
        "SANE": 0,
        "VALID": 0,
        "total": 2030
    },
    "percentage": {
        "ACTIVE": 99.95073891625616,
        "INACTIVE": 0.5494505494505495,
        "INVALID": 0,
        "MALICIOUS": 0,
        "SANE": 0,
        "VALID": 0,
        "total": 100.50018946570671
    }
}