{
    "counter": {
        "ACTIVE": 761,
        "INACTIVE": 72,
        "INVALID": 0,
        "MALICIOUS": 0,
        "SANE": 0,
        "VALID": 0,
        "total": 833
    },
    "percentage": {
        "ACTIVE": 91.57641395908544,
        "INACTIVE": 8.643457382953182,
        "INVALID": 0,
        "MALICIOUS": 0,
        "SANE": 0,
        "VALID": 0,
        "total": 100.21987134203863
    }
}