{
    "counter": {
        "ACTIVE": 2028,
        "INACTIVE": 13,
        "INVALID": 0,
        "MALICIOUS": 0,
        "SANE": 0,
        "VALID": 0,
        "total": 2041
    },
    "percentage": {
        "ACTIVE": 99.36305732484077,
        "INACTIVE": 1.597051597051597,
        "INVALID": 0,
        "MALICIOUS": 0,
        "SANE": 0,
        "VALID": 0,
        "total": 100.96010892189237
    }
}