{
    "counter": {
        "ACTIVE": 2016,
        "INACTIVE": 5,
        "INVALID": 0,
        "MALICIOUS": 0,
        "SANE": 0,
        "VALID": 0,
        "total": 2021
    },
    "percentage": {
        "ACTIVE": 99.75259772389906,
        "INACTIVE": 0.25380710659898476,
        "INVALID": 0,
        "MALICIOUS": 0,
        "SANE": 0,
        "VALID": 0,
        "total": 100.00640483049804
    }
}