{
    "counter": {
        "ACTIVE": 2040,
        "INACTIVE": 44,
        "INVALID": 0,
        "MALICIOUS": 0,
        "SANE": 0,
        "VALID": 0,
        "total": 2084
    },
    "percentage": {
        "ACTIVE": 97.88867562380038,
        "INACTIVE": 2.1749876421156698,
        "INVALID": 0,
        "MALICIOUS": 0,
        "SANE": 0,
        "VALID": 0,
        "total": 100.06366326591605
    }
}