{
    "counter": {
        "ACTIVE": 1929,
        "INACTIVE": 5,
        "INVALID": 0,
        "MALICIOUS": 0,
        "SANE": 0,
        "VALID": 0,
        "total": 1934
    },
    "percentage": {
        "ACTIVE": 99.74146845915202,
        "INACTIVE": 0.27824151363383415,
        "INVALID": 0,
        "MALICIOUS": 0,
        "SANE": 0,
        "VALID": 0,
        "total": 100.01970997278585
    }
}