{
    "counter": {
        "ACTIVE": 2026,
        "INACTIVE": 1,
        "INVALID": 0,
        "MALICIOUS": 0,
        "SANE": 0,
        "VALID": 0,
        "total": 2027
    },
    "percentage": {
        "ACTIVE": 99.95066600888012,
        "INACTIVE": 0.06389776357827476,
        "INVALID": 0,
        "MALICIOUS": 0,
        "SANE": 0,
        "VALID": 0,
        "total": 100.01456377245839
    }
}