{
    "counter": {
        "ACTIVE": 1196,
        "INACTIVE": 2,
        "INVALID": 0,
        "MALICIOUS": 0,
        "SANE": 0,
        "VALID": 0,
        "total": 1198
    },
    "percentage": {
        "ACTIVE": 99.8330550918197,
        "INACTIVE": 0.18691588785046728,
        "INVALID": 0,
        "MALICIOUS": 0,
        "SANE": 0,
        "VALID": 0,
        "total": 100.01997097967016
    }
}