{
    "counter": {
        "ACTIVE": 2021,
        "INACTIVE": 1,
        "INVALID": 0,
        "MALICIOUS": 0,
        "SANE": 0,
        "VALID": 0,
        "total": 2022
    },
    "percentage": {
        "ACTIVE": 99.95054401582591,
        "INACTIVE": 0.05733944954128441,
        "INVALID": 0,
        "MALICIOUS": 0,
        "SANE": 0,
        "VALID": 0,
        "total": 100.0078834653672
    }
}