{
    "counter": {
        "ACTIVE": 260,
        "INACTIVE": 1,
        "INVALID": 0,
        "MALICIOUS": 0,
        "SANE": 0,
        "VALID": 0,
        "total": 261
    },
    "percentage": {
        "ACTIVE": 99.61685823754789,
        "INACTIVE": 0.4807692307692308,
        "INVALID": 0,
        "MALICIOUS": 0,
        "SANE": 0,
        "VALID": 0,
        "total": 100.09762746831711
    }
}