{
    "counter": {
        "ACTIVE": 2027,
        "INACTIVE": 1,
        "INVALID": 0,
        "MALICIOUS": 0,
        "SANE": 0,
        "VALID": 0,
        "total": 2028
    },
    "percentage": {
        "ACTIVE": 99.95069033530572,
        "INACTIVE": 0.06389776357827476,
        "INVALID": 0,
        "MALICIOUS": 0,
        "SANE": 0,
        "VALID": 0,
        "total": 100.01458809888399
    }
}