{
    "counter": {
        "ACTIVE": 2028,
        "INACTIVE": 1,
        "INVALID": 0,
        "MALICIOUS": 0,
        "SANE": 0,
        "VALID": 0,
        "total": 2029
    },
    "percentage": {
        "ACTIVE": 99.95071463775258,
        "INACTIVE": 0.5847953216374269,
        "INVALID": 0,
        "MALICIOUS": 0,
        "SANE": 0,
        "VALID": 0,
        "total": 100.53550995939001
    }
}