{
    "counter": {
        "ACTIVE": 1987,
        "INACTIVE": 1,
        "INVALID": 0,
        "MALICIOUS": 0,
        "SANE": 0,
        "VALID": 0,
        "total": 1988
    },
    "percentage": {
        "ACTIVE": 99.9496981891348,
        "INACTIVE": 0.06666666666666667,
        "INVALID": 0,
        "MALICIOUS": 0,
        "SANE": 0,
        "VALID": 0,
        "total": 100.01636485580147
    }
}