{
    "counter": {
        "ACTIVE": 2028,
        "INACTIVE": 2,
        "INVALID": 0,
        "MALICIOUS": 0,
        "SANE": 0,
        "VALID": 0,
        "total": 2030
    },
    "percentage": {
        "ACTIVE": 99.90147783251231,
        "INACTIVE": 0.13054830287206268,
        "INVALID": 0,
        "MALICIOUS": 0,
        "SANE": 0,
        "VALID": 0,
        "total": 100.03202613538437
    }
}