{
    "counter": {
        "ACTIVE": 2020,
        "INACTIVE": 1,
        "INVALID": 0,
        "MALICIOUS": 0,
        "SANE": 0,
        "VALID": 0,
        "total": 2021
    },
    "percentage": {
        "ACTIVE": 99.95051954477981,
        "INACTIVE": 0.06165228113440197,
        "INVALID": 0,
        "MALICIOUS": 0,
        "SANE": 0,
        "VALID": 0,
        "total": 100.01217182591421
    }
}