{
    "counter": {
        "ACTIVE": 1815,
        "INACTIVE": 188,
        "INVALID": 0,
        "MALICIOUS": 0,
        "SANE": 0,
        "VALID": 0,
        "total": 2003
    },
    "percentage": {
        "ACTIVE": 90.65934065934066,
        "INACTIVE": 9.385921118322516,
        "INVALID": 0,
        "MALICIOUS": 0,
        "SANE": 0,
        "VALID": 0,
        "total": 100.04526177766317
    }
}