{
    "counter": {
        "ACTIVE": 2022,
        "INACTIVE": 1,
        "INVALID": 0,
        "MALICIOUS": 0,
        "SANE": 0,
        "VALID": 0,
        "total": 2023
    },
    "percentage": {
        "ACTIVE": 99.95056846267919,
        "INACTIVE": 0.15015015015015015,
        "INVALID": 0,
        "MALICIOUS": 0,
        "SANE": 0,
        "VALID": 0,
        "total": 100.10071861282934
    }
}