{
    "counter": {
        "ACTIVE": 2036,
        "INACTIVE": 1,
        "INVALID": 0,
        "MALICIOUS": 0,
        "SANE": 0,
        "VALID": 0,
        "total": 2037
    },
    "percentage": {
        "ACTIVE": 99.95090819833088,
        "INACTIVE": 0.6535947712418301,
        "INVALID": 0,
        "MALICIOUS": 0,
        "SANE": 0,
        "VALID": 0,
        "total": 100.6045029695727
    }
}