{
    "counter": {
        "ACTIVE": 684,
        "INACTIVE": 10,
        "INVALID": 0,
        "MALICIOUS": 0,
        "SANE": 0,
        "VALID": 0,
        "total": 694
    },
    "percentage": {
        "ACTIVE": 98.55907780979827,
        "INACTIVE": 1.5360983102918586,
        "INVALID": 0,
        "MALICIOUS": 0,
        "SANE": 0,
        "VALID": 0,
        "total": 100.09517612009013
    }
}