{
    "counter": {
        "ACTIVE": 1746,
        "INACTIVE": 8,
        "INVALID": 0,
        "MALICIOUS": 0,
        "SANE": 0,
        "VALID": 0,
        "total": 1754
    },
    "percentage": {
        "ACTIVE": 99.54389965792474,
        "INACTIVE": 0.45977011494252873,
        "INVALID": 0,
        "MALICIOUS": 0,
        "SANE": 0,
        "VALID": 0,
        "total": 100.00366977286727
    }
}