{
    "counter": {
        "ACTIVE": 1644,
        "INACTIVE": 160,
        "INVALID": 0,
        "MALICIOUS": 0,
        "SANE": 0,
        "VALID": 0,
        "total": 1804
    },
    "percentage": {
        "ACTIVE": 91.13082039911308,
        "INACTIVE": 8.903728436282693,
        "INVALID": 0,
        "MALICIOUS": 0,
        "SANE": 0,
        "VALID": 0,
        "total": 100.03454883539577
    }
}