{
    "counter": {
        "ACTIVE": 2015,
        "INACTIVE": 1,
        "INVALID": 0,
        "MALICIOUS": 0,
        "SANE": 0,
        "VALID": 0,
        "total": 2016
    },
    "percentage": {
        "ACTIVE": 99.95039682539682,
        "INACTIVE": 0.37037037037037035,
        "INVALID": 0,
        "MALICIOUS": 0,
        "SANE": 0,
        "VALID": 0,
        "total": 100.32076719576719
    }
}