{
    "counter": {
        "ACTIVE": 1994,
        "INACTIVE": 1,
        "INVALID": 0,
        "MALICIOUS": 0,
        "SANE": 0,
        "VALID": 0,
        "total": 1995
    },
    "percentage": {
        "ACTIVE": 99.9498746867168,
        "INACTIVE": 0.6535947712418301,
        "INVALID": 0,
        "MALICIOUS": 0,
        "SANE": 0,
        "VALID": 0,
        "total": 100.60346945795862
    }
}