{
    "counter": {
        "ACTIVE": 2022,
        "INACTIVE": 9,
        "INVALID": 0,
        "MALICIOUS": 0,
        "SANE": 0,
        "VALID": 0,
        "total": 2031
    },
    "percentage": {
        "ACTIVE": 99.55686853766618,
        "INACTIVE": 0.4697286012526096,
        "INVALID": 0,
        "MALICIOUS": 0,
        "SANE": 0,
        "VALID": 0,
        "total": 100.02659713891879
    }
}