{
    "counter": {
        "ACTIVE": 2039,
        "INACTIVE": 8,
        "INVALID": 0,
        "MALICIOUS": 0,
        "SANE": 0,
        "VALID": 0,
        "total": 2047
    },
    "percentage": {
        "ACTIVE": 99.60918417195896,
        "INACTIVE": 0.4028197381671702,
        "INVALID": 0,
        "MALICIOUS": 0,
        "SANE": 0,
        "VALID": 0,
        "total": 100.01200391012613
    }
}