{
    "counter": {
        "ACTIVE": 1943,
        "INACTIVE": 1,
        "INVALID": 0,
        "MALICIOUS": 0,
        "SANE": 0,
        "VALID": 0,
        "total": 1944
    },
    "percentage": {
        "ACTIVE": 99.94855967078189,
        "INACTIVE": 0.15015015015015015,
        "INVALID": 0,
        "MALICIOUS": 0,
        "SANE": 0,
        "VALID": 0,
        "total": 100.09870982093204
    }
}