{
    "counter": {
        "ACTIVE": 1819,
        "INACTIVE": 1,
        "INVALID": 0,
        "MALICIOUS": 0,
        "SANE": 0,
        "VALID": 0,
        "total": 1820
    },
    "percentage": {
        "ACTIVE": 99.94505494505495,
        "INACTIVE": 0.054945054945054944,
        "INVALID": 0.0,
        "MALICIOUS": 0.0,
        "SANE": 0.0,
        "VALID": 0.0,
        "total": 100.0
    }
}