{
    "counter": {
        "ACTIVE": 1493,
        "INACTIVE": 3,
        "INVALID": 0,
        "MALICIOUS": 0,
        "SANE": 0,
        "VALID": 0,
        "total": 1496
    },
    "percentage": {
        "ACTIVE": 99.79946524064171,
        "INACTIVE": 0.20905923344947736,
        "INVALID": 0,
        "MALICIOUS": 0,
        "SANE": 0,
        "VALID": 0,
        "total": 100.00852447409119
    }
}