{
    "counter": {
        "ACTIVE": 2008,
        "INACTIVE": 2,
        "INVALID": 0,
        "MALICIOUS": 0,
        "SANE": 0,
        "VALID": 0,
        "total": 2010
    },
    "percentage": {
        "ACTIVE": 99.90049751243781,
        "INACTIVE": 0.1063264221158958,
        "INVALID": 0,
        "MALICIOUS": 0,
        "SANE": 0,
        "VALID": 0,
        "total": 100.00682393455371
    }
}