{
    "counter": {
        "ACTIVE": 2032,
        "INACTIVE": 1,
        "INVALID": 0,
        "MALICIOUS": 0,
        "SANE": 0,
        "VALID": 0,
        "total": 2033
    },
    "percentage": {
        "ACTIVE": 99.9508116084604,
        "INACTIVE": 0.05970149253731343,
        "INVALID": 0,
        "MALICIOUS": 0,
        "SANE": 0,
        "VALID": 0,
        "total": 100.01051310099771
    }
}