{
    "counter": {
        "ACTIVE": 1946,
        "INACTIVE": 3,
        "INVALID": 0,
        "MALICIOUS": 0,
        "SANE": 0,
        "VALID": 0,
        "total": 1949
    },
    "percentage": {
        "ACTIVE": 99.84607491021036,
        "INACTIVE": 0.49019607843137253,
        "INVALID": 0,
        "MALICIOUS": 0,
        "SANE": 0,
        "VALID": 0,
        "total": 100.33627098864173
    }
}