{
    "counter": {
        "ACTIVE": 262,
        "INACTIVE": 1,
        "INVALID": 0,
        "MALICIOUS": 0,
        "SANE": 0,
        "VALID": 0,
        "total": 263
    },
    "percentage": {
        "ACTIVE": 99.61977186311788,
        "INACTIVE": 0.3875968992248062,
        "INVALID": 0,
        "MALICIOUS": 0,
        "SANE": 0,
        "VALID": 0,
        "total": 100.00736876234268
    }
}