{
    "counter": {
        "ACTIVE": 2160,
        "INACTIVE": 235,
        "INVALID": 0,
        "MALICIOUS": 0,
        "SANE": 0,
        "VALID": 0,
        "total": 2395
    },
    "percentage": {
        "ACTIVE": 90.22556390977444,
        "INACTIVE": 9.812108559498956,
        "INVALID": 0,
        "MALICIOUS": 0,
        "SANE": 0,
        "VALID": 0,
        "total": 100.03767246927339
    }
}