{
    "counter": {
        "ACTIVE": 977,
        "INACTIVE": 11,
        "INVALID": 0,
        "MALICIOUS": 0,
        "SANE": 0,
        "VALID": 0,
        "total": 988
    },
    "percentage": {
        "ACTIVE": 98.88663967611336,
        "INACTIVE": 1.5047879616963065,
        "INVALID": 0,
        "MALICIOUS": 0,
        "SANE": 0,
        "VALID": 0,
        "total": 100.39142763780967
    }
}