{
    "counter": {
        "ACTIVE": 2048,
        "INACTIVE": 47,
        "INVALID": 0,
        "MALICIOUS": 0,
        "SANE": 0,
        "VALID": 0,
        "total": 2095
    },
    "percentage": {
        "ACTIVE": 97.75656324582339,
        "INACTIVE": 2.282661486158329,
        "INVALID": 0,
        "MALICIOUS": 0,
        "SANE": 0,
        "VALID": 0,
        "total": 100.03922473198172
    }
}