{
    "counter": {
        "ACTIVE": 1892,
        "INACTIVE": 1,
        "INVALID": 0,
        "MALICIOUS": 0,
        "SANE": 0,
        "VALID": 0,
        "total": 1893
    },
    "percentage": {
        "ACTIVE": 99.9471737982039,
        "INACTIVE": 0.05885815185403178,
        "INVALID": 0,
        "MALICIOUS": 0,
        "SANE": 0,
        "VALID": 0,
        "total": 100.00603195005793
    }
}