{
    "counter": {
        "ACTIVE": 644,
        "INACTIVE": 41,
        "INVALID": 0,
        "MALICIOUS": 0,
        "SANE": 0,
        "VALID": 0,
        "total": 685
    },
    "percentage": {
        "ACTIVE": 94.15204678362574,
        "INACTIVE": 5.985401459854015,
        "INVALID": 0,
        "MALICIOUS": 0,
        "SANE": 0,
        "VALID": 0,
        "total": 100.13744824347975
    }
}