{
    "counter": {
        "ACTIVE": 2017,
        "INACTIVE": 2,
        "INVALID": 0,
        "MALICIOUS": 0,
        "SANE": 0,
        "VALID": 0,
        "total": 2019
    },
    "percentage": {
        "ACTIVE": 99.90094105993066,
        "INACTIVE": 0.1530221882172915,
        "INVALID": 0,
        "MALICIOUS": 0,
        "SANE": 0,
        "VALID": 0,
        "total": 100.05396324814795
    }
}