{
    "counter": {
        "ACTIVE": 208,
        "INACTIVE": 28,
        "INVALID": 0,
        "MALICIOUS": 0,
        "SANE": 0,
        "VALID": 0,
        "total": 236
    },
    "percentage": {
        "ACTIVE": 88.13559322033899,
        "INACTIVE": 12.017167381974248,
        "INVALID": 0,
        "MALICIOUS": 0,
        "SANE": 0,
        "VALID": 0,
        "total": 100.15276060231324
    }
}