{
    "counter": {
        "ACTIVE": 1680,
        "INACTIVE": 5,
        "INVALID": 0,
        "MALICIOUS": 0,
        "SANE": 0,
        "VALID": 0,
        "total": 1685
    },
    "percentage": {
        "ACTIVE": 99.70326409495549,
        "INACTIVE": 0.3203074951953876,
        "INVALID": 0,
        "MALICIOUS": 0,
        "SANE": 0,
        "VALID": 0,
        "total": 100.02357159015088
    }
}