{
    "counter": {
        "ACTIVE": 1826,
        "INACTIVE": 1,
        "INVALID": 0,
        "MALICIOUS": 0,
        "SANE": 0,
        "VALID": 0,
        "total": 1827
    },
    "percentage": {
        "ACTIVE": 99.94526546250684,
        "INACTIVE": 0.15128593040847202,
        "INVALID": 0,
        "MALICIOUS": 0,
        "SANE": 0,
        "VALID": 0,
        "total": 100.09655139291532
    }
}