{
    "counter": {
        "ACTIVE": 2019,
        "INACTIVE": 1,
        "INVALID": 0,
        "MALICIOUS": 0,
        "SANE": 0,
        "VALID": 0,
        "total": 2020
    },
    "percentage": {
        "ACTIVE": 99.95049504950495,
        "INACTIVE": 0.06146281499692686,
        "INVALID": 0,
        "MALICIOUS": 0,
        "SANE": 0,
        "VALID": 0,
        "total": 100.01195786450188
    }
}