{
    "counter": {
        "ACTIVE": 1981,
        "INACTIVE": 215,
        "INVALID": 0,
        "MALICIOUS": 0,
        "SANE": 0,
        "VALID": 0,
        "total": 2196
    },
    "percentage": {
        "ACTIVE": 90.20947176684882,
        "INACTIVE": 9.826325411334553,
        "INVALID": 0,
        "MALICIOUS": 0,
        "SANE": 0,
        "VALID": 0,
        "total": 100.03579717818337
    }
}