{
    "counter": {
        "ACTIVE": 1130,
        "INACTIVE": 1,
        "INVALID": 0,
        "MALICIOUS": 0,
        "SANE": 0,
        "VALID": 0,
        "total": 1131
    },
    "percentage": {
        "ACTIVE": 99.91158267020336,
        "INACTIVE": 0.2188183807439825,
        "INVALID": 0,
        "MALICIOUS": 0,
        "SANE": 0,
        "VALID": 0,
        "total": 100.13040105094734
    }
}