{
    "counter": {
        "ACTIVE": 1272,
        "INACTIVE": 1,
        "INVALID": 0,
        "MALICIOUS": 0,
        "SANE": 0,
        "VALID": 0,
        "total": 1273
    },
    "percentage": {
        "ACTIVE": 99.92144540455617,
        "INACTIVE": 0.5208333333333334,
        "INVALID": 0,
        "MALICIOUS": 0,
        "SANE": 0,
        "VALID": 0,
        "total": 100.4422787378895
    }
}